x,y
1.725507740136598,-0.04320694931570604
-0.8265174341095991,0.5590840153286158
1.9647772013612508,0.21781689086257916
1.4535293376217455,-0.3983443273569584
0.030247526684144814,0.4650119160976869
0.8998653630025436,-0.5612576584471652
0.17548248883414502,0.12168375812043596
0.041717165980815096,0.16124744447955278
-0.1595929912577614,0.9515742416861742
-0.44896528391798496,0.7891338754900307
0.4545145992497232,-0.3828305157007936
0.08943026396121713,0.1882652196953709
1.938781819442544,0.24764607814207126
-0.15016728341703164,0.8322225687136346
1.0493311813183623,-0.4926124050781489
1.430284463093325,-0.4187302926032144
0.32151500730044785,-0.2503073513036397
-0.4082709805394945,0.8966652893160885
-0.9563200716830302,0.26366185761262323
0.5151520938580533,0.8614309965165022
1.0637570663334823,-0.04333837116838632
0.03259911134964945,0.4362343914429041
0.4729651091943644,0.9507706581465054
2.0000472579720103,0.3746275964036709
-0.04318665573118022,1.0307178595828197
1.9041637897918355,0.09870925507643696
-0.2570032170371949,0.9614357863436056
-0.4231065259933671,0.8499608443079651
-0.03114282154217958,0.9508115391057704
1.2343117597738942,-0.4020911770328708
1.9104951083470536,0.2905033435915277
0.031012458512751962,0.4687004510210602
0.871546796555021,0.3161186526188142
-0.8990718107247524,0.4563025277575808
-0.9124436839120338,0.07134252691840788
-1.0131728555183699,0.2194630187902553
-0.8911409804285503,0.3866421349808988
-0.953437247908678,0.30877145426684793
1.6514446372845697,-0.2354144620867878
0.9200770642491626,0.1519355044214299
0.1493591814762975,0.06194980665583896
0.9578794180844952,0.05149164721438797
0.4783181035955852,-0.26433297381305104
-0.08423554106987878,0.9819064587123458
0.6101540757391326,-0.4795305384661451
0.5101592637533484,-0.5219534738957404
0.04460354092462571,0.27222190322358314
1.1252650242067497,-0.4801523211314994
0.4380504131474221,0.8511224326118231
0.924568209516332,-0.504462845930551
-0.6528660788913996,0.6927066134259351
-0.6443701238526833,0.7256259292227949
0.14114989601115496,-0.09892170349828326
0.870558847775574,0.4296572951118601
1.5530054494938716,-0.33253421246129083
0.2336087689846464,0.9291629646848928
1.8713820721321823,0.037883746768055726
0.9988881430815184,0.03131015510719671
2.0066026131733787,0.41280673163345744
0.4992494829067041,-0.3524851697614625
0.2783336745548846,1.0257029492241199
0.8370924708960639,0.3457683014391877
0.6143869812716116,0.7825846698926049
0.6958844074219281,-0.5024034801879811
-0.7575110212537076,0.6519711966646995
-0.4439255704369616,0.923152138369092
-0.4083312100956343,0.9426274786418081
1.0585892336874612,-0.4604887979474809
0.03674263700011368,0.4225691278003619
-0.7724575964992003,0.5332502802435931
1.4739715744707458,-0.36095632014069656
1.817913482450113,-0.07978394319397775
1.7617619949496597,-0.1921026550889936
0.8474806653687292,0.4429297047973669
1.377548224990884,-0.4419895080062495
0.9129324246603664,-0.542211660990316
-0.7576560326378704,0.7399980530448822
0.6501323442215646,-0.3532574125371367
0.8896361208892097,0.4495651486706326
0.661599731851491,-0.4240070729463071
0.9396178067572002,0.3614689094467631
-1.0216907472720491,0.09191051770686184
1.2064185675914418,-0.4773775545716506
0.6160350568325079,-0.39530632161245305
-0.8203542412295886,0.5953270058339283
0.5357655154812566,0.8221084931994832
0.4681599369977846,0.8689151379626621
1.3191027664942123,-0.3517662377586649
1.5521676380561291,-0.29657600591890776
-0.9319319919043486,0.3316824678242212
-1.0797002131571525,0.14945538695051105
-0.8372557338175878,0.5314640044204249
0.7099135745810742,-0.5408086872679341
0.10758601440197006,0.0216776711811062
0.0209376175235654,0.3441566187503112
-0.9784751766088582,0.22098641002837646
-1.0010904983811049,0.3225398848179387
-0.3506073617133849,0.8730179676002425
-0.11034977787522024,0.9503636784102112
0.020474859183566882,0.2703216029746874
0.6918075096451622,-0.3879683841763631
1.3033803128952324,-0.39070211003935706
0.0017944819511693938,0.9950142736238308
0.11730359341935452,0.13984995856839655
0.8964488714351501,0.07729343417955317
-0.9862419488179346,0.22059355218251245
-0.3411402636000327,0.9219446291454548
0.4928530772588135,0.9024179110670932
0.8965614684640306,0.5494397312863647
-0.06811576890644558,0.8731048777965371
1.0457187065425568,0.13259259935063716
1.2312734609469684,-0.4787861195041184
0.4892283819620413,0.8106418085567935
1.5403187700012833,-0.2631734680649737
0.35033287254429424,0.9033444948309703
-0.9160450655166285,0.3513109576761859
1.9837920343506048,0.38399039448055794
0.31281518002639425,0.9535372924015388
1.1087658306323207,-0.499586820798575
0.4040277554893557,0.9378849437545574
1.5792867179820826,-0.33894947545466897
0.190327022635784,0.9886878599825116
-0.30134374629370303,0.9335313514337371
1.3998161593654752,-0.4132334316172937
0.36705978969670294,0.8363727583822964
-0.4074114890695165,0.8427153421699464
0.1451110808909889,0.03879221841385691
0.9712658870229051,0.3092653766296656
1.5325279187475087,-0.3096333520389977
0.6726981933566131,0.8367125672871512
-0.8085300480792423,0.6331242189177688
-1.0355702885972315,0.21730045052876354
0.1789687921365893,-0.0797051983300392
1.6913275092383562,-0.20946966919753068
-0.9877381504420424,0.213011707206772
1.6005564783666428,-0.3695362124225736
1.4533290209977243,-0.42170109132685146
2.00494830041674,0.3117290825538042
1.0184891094459758,0.037374311346182715
1.9398269593044648,0.03141972374243645
0.010587969156255013,0.2514125662931858
0.3601467122626073,-0.1429528978114646
0.6826064290772653,0.7418979712543992
0.9817924719480008,0.2395436153410879
0.8300818329727845,-0.5140971868893603
1.9415133715422452,0.18431463120652825
1.9147329649548797,0.24385859301121784
-0.6365709096978077,0.7832042368170209
0.17909844603778227,0.9347187845334712
0.5489422035289517,0.7917703732981165
0.305600152071217,0.9574230295057976
0.15375218750933006,0.9630015273612892
0.901274853094764,-0.5801666852440316
1.6202462598325929,-0.2499990123026344
-0.28651439984001115,0.8705746417428544
0.32427650210276165,0.9429203930745158
0.2785858874763823,-0.191131412077246
-0.9711789276998574,0.4400921654649955
-0.8283373160959598,0.5287332602132213
0.4603283856216789,0.8988938764201589
0.8395961575305112,0.7896300710627508
1.0200628737561273,0.09334307999367504
0.8395269490786551,0.5733267375207771
1.0735596355409258,-0.5185648797695194
1.3695691014730111,-0.41278570053952857
-0.7523591153688559,0.6553470045380118
0.3665602887795985,0.9264484639858488
0.5257400825959745,0.9743092363547112
-0.02582283039532916,1.0301439555333491
1.707994106542075,-0.25170485792962394
0.7610478749529072,0.5807155523586032
-0.24523983824609544,0.9239698671125812
-0.16819071200693264,0.9549375357407544
-0.9023916509216208,0.19625143185204533
0.5553482917400709,-0.450326980740837
1.0003005254423538,0.1177567539404208
0.3240610291606734,0.8971564573198231
0.7190331933004251,0.6167947453711581
0.6917761826681671,0.7810954648063476
0.5910968929980933,0.8268088043732201
0.5843562651956855,-0.4538210388088653
1.5258552124473974,-0.319943938232836
0.14065068294911154,0.9238662944631528
1.9310281682510415,0.01963032593690921
-0.8386862117005561,0.5426581841134537
0.03379295649938468,0.3027433088483348
-0.8053480570589527,0.5532759338198764
1.8032148537398096,-0.14037006526907125
1.7791833386431726,-0.09580667727077168
-0.7667188935432859,0.5129156021634598
0.4645998990082597,0.8957730853953768
1.4281590383267824,-0.3459035424688742
-0.7519924406321389,0.6351277081139339
1.7006304320438477,-0.11151474608153307
-0.9403644586661368,0.07885954114939654
0.3182667535719431,-0.2397106731345429
-0.8062040804192857,0.6110987263326234
-0.37174407357519534,0.8703766906815453
0.018653158611696915,1.117818416072383
-0.9323039647084391,0.3481333608320297
1.913756929033884,0.04050372362499111
0.9203975808347641,-0.5295227443320828
0.6268013754330674,0.8082146747574498
0.8878551195412794,-0.4061047548959025
-0.5042580700680347,0.8213255836075297
-0.4182212895139325,0.8517269772844469
-0.4993132247010332,0.9199993303184998
0.4030387512674167,-0.22121541922036408
1.9210913503489369,0.3388460400972147
-0.4082171630710096,0.9389121045334496
1.6056322032946633,-0.21794159550258385
1.975049179299468,0.5031766987933615
0.8343591127706459,-0.4862548485614422
0.96893853703503,0.518460772289145
0.09988684966080648,-0.029485108470218117
1.4594412225333442,-0.4610650050093125
0.606764880696968,0.8173326937412018
0.892611704962783,0.4486612095354058
0.7982522084600013,0.5858627894209673
0.8676636582114872,-0.3985618301717525
0.5346329687300719,0.7530649846025996
0.8061548050267817,0.6316989231760398
0.9866636176501032,-0.517213535434727
-0.9524917136730784,0.1505072914913589
0.3003315459536968,-0.17224214224445195
0.4017397440746934,0.8815261420227762
1.8465676758983556,-0.1659317640024786
1.0272129985025409,-0.4837503655787329
0.4183408803307737,-0.23719684286251444
0.6117589033746079,0.7939020793947169
-0.7356402949593536,0.7413760808724105
0.6301952529174162,-0.4622972014505081
-0.8144778823914031,0.4020893487657397
1.6119031771480925,-0.24507731190882484
0.17552099333002208,-0.18667697758869026
0.3066929420123501,-0.217681666844302
-0.6554244790063083,0.6823955170942156
-0.9340355521464592,0.3282076777390939
0.8002607855587075,-0.4947560137543249
0.31861836013865635,-0.24860174266417506
0.6618935222950598,-0.4713990766384121
0.3270332493722762,0.9850280011530048
0.8456183316410799,0.5071484123178422
0.7529200108677311,0.6761476709655055
1.0382284743384933,-0.4506310206387693
1.9358608096028305,0.07871148752899895
0.8299170144493339,-0.4548698993923703
0.10857574854292218,0.10166587870317467
0.4860654339383642,-0.4810883232842805
0.2231302616267336,0.8654885979844109
1.1980229610453788,-0.4829447416164709
2.1015248164698432,0.3363742028035477
0.5470663919438002,-0.3681050658592847
-0.6346120312456403,0.7788182136782241
0.7192433200434829,0.6783461897909002
-1.0048042019252499,0.2449668872838313
-0.68152227345176,0.6497962935113271
0.8702566234057397,0.16219244706413902
0.905170447870702,0.6014995449314868
-0.0705928759080803,0.26228945196220904
1.692506485716127,-0.2491373159951028
1.937254472763318,0.2725475122195665
1.9923893252997569,-0.03152369774380316
0.8656516185674035,0.5300812408131074
0.6776741818086423,0.6883325024298884
1.3634845559579756,-0.4832372141937568
-0.015288819747197063,0.9921794790963774
0.06958297106146755,0.2489491398679932
0.07259441114023905,0.3825208280157357
0.7238250930571201,-0.5028125719647973
-0.7423694682149498,0.5207833420230373
0.37129133038108375,0.9026175802522154
1.5630626365859714,-0.3982858200569003
1.986081764725476,0.1952738574992872
-0.862149515182736,0.4438945225309127
0.020969216177548364,1.0097044695214474
2.015900257131363,0.4507363467529079
1.990513720826224,0.16910988857034984
1.759125811424511,-0.28563233427443624
0.8675359422806656,-0.5425092745315314
0.26882587018534404,0.961816079130664
0.29028596583247585,-0.19081402048339816
0.1514888854798794,0.059264236772829576
0.2685422680281652,-0.216585604760669
0.6696813974274257,-0.43838416619000536
1.9642446210508744,0.0229638390458965
1.151869364095781,-0.3832007787435713
0.8334568214571684,0.5233742243370704
0.07078352599733011,0.06717023867629449
0.9867128419050014,0.16650572456779214
0.6687164876091309,0.7289534647516313
0.7468982197635262,-0.6365576451821249
0.8359229935275707,-0.5085261501934558
0.07900073889566489,0.05753676121645701
-0.16880163441073515,0.9968665891211552
0.9535409825533616,0.19886872014092954
1.02655990025152,0.15421404610255626
-0.9874715326462258,0.19966765187832106
0.1733227966797253,-0.1154308288271316
1.3632377656992476,-0.4945404207207712
2.0013353284230617,0.402817779908192
1.9501793750124508,-0.027044684675137924
-0.015254195747261638,0.982088464483154
-0.04595459845289858,0.2468229069989613
-0.6249265289180134,0.7150493573747803
0.13193619143612445,-0.0028186027737501073
0.0399891926793652,0.24012301461190705
0.9827079782856228,0.16847997135072865
0.1807516428192263,0.949479810354
-0.7910821187297761,0.5615234311423806
0.010369566575905584,0.1336371411452
-0.9224153482662134,0.1626653520329557
0.4107684134961445,0.8754913373138966
0.1255727130789156,-0.15379387412089274
0.7328555346154507,0.6678517814764117
-0.5311681557561511,0.8791787665017065
1.9130708915879615,-0.015571158074549512
1.6826407584931389,-0.23094575677425605
0.8322774885345792,-0.3889386382956852
0.6630882158308664,0.7481401252962449
-0.023566997969670503,0.2491640182789037
-0.5480762892422318,0.871876093387977
-0.5463471579707665,0.8613043676371462
0.0732551001505026,0.3581432006702811
0.5377858390759286,0.861227193694697
0.059673915178890126,0.5677494970798566
0.5065816366803517,0.9443616841419163
0.1723681019739086,0.9803990465858952
-0.8075105862497083,0.7597277340626782
0.5806667056623921,0.7535983322919597
1.6572699021583923,-0.16806458104775962
0.5748622536817707,-0.3033472004485395
-0.9675110878046904,0.2580594018116144
0.6819556900052508,0.7797610517193443
0.6226681306416693,-0.4391516703290401
-0.4402483712974668,0.947168920271145
0.4499778270822627,0.8931085877412087
0.953947908832178,-0.4687017837354516
0.6934835835694046,-0.4783383394078632
0.4510888798932784,0.8197932141002217
0.8500573917017128,0.3633716411594504
1.9201292409244828,-0.04156073813050773
-0.0232092915394786,0.232213110918248
0.05725919484998676,-0.01183242554932143
0.95723472088448,0.2704984457912954
0.3827980547134852,-0.3794029006620717
1.8882849899234688,-0.0139826032089996
-0.3490736116605168,0.9334607065128834
1.8690846294501544,-0.0984718498032789
1.0079717617979702,-0.03852071449603438
0.5607122830118662,-0.4061861690374901
0.9174461139662056,0.30741831391176466
0.6812027445738269,0.7895339620218322
2.007402477976154,0.34395488708573824
0.3263447460672423,0.9861448118366276
-0.9893009170549492,0.321151361419962
-0.3812026340346251,0.9524924778782852
0.0923217663475338,0.9372772105840146
2.0058634256650016,0.4163851270776461
0.3730645742711948,-0.3694165191663757
0.7603424452761558,-0.4592102549288826
-0.27545490851649634,0.9833149286892529
0.3061799083371449,-0.22389069924943736
0.02789634587669357,0.9942296071570648
-0.39127126345015867,0.912308808859868
1.2673301694653858,-0.5035748403694131
-0.9163786765601012,0.36025703929681435
0.22267049837991695,1.0090620620641892
1.8403461476526919,-0.16516260645466085
0.07283024240808576,0.4262790538729968
0.920654951793614,0.3568001761426847
0.3331014646873077,0.9570839174598986
0.11264128558683212,0.4725689144769669
0.9815531751431248,0.14229861828791146
0.18048880983054655,0.9791390101495072
0.8925368279878463,0.3895183757612243
0.4847972911567324,-0.21003538686106
0.06525723219008367,0.2475511695836679
0.4607630762677685,0.8463770557144698
-0.9482777664651708,0.17810133762260422
1.0223931825072066,0.0601800704980871
1.05899259762065,-0.4224885104360723
0.7946554892719994,0.6785162026003394
0.986445169236043,-0.4629770564213565
0.01740207993498385,0.2547374972951261
-0.6175932574595566,0.862915355761259
0.10682366042994383,0.922987143311116
-0.8924784370656453,0.3941615163348935
-1.0320366894191924,0.09051296417810206
0.8325210860797224,0.5762436671692697
1.5946247022791369,-0.2904280450168273
-0.9126507546731067,0.5618734126158453
-0.95527090228886,0.2156315879407838
0.9033668886192218,0.6114153492247933
-0.07544381182939278,1.0061244084752852
0.6463031539470708,0.7625595720884151
1.071383187702046,-0.4667719539327605
0.16840828532445012,0.8981883838100586
1.694842651025745,-0.2645026145578733
0.846923263912245,0.7233462009479709
-0.9499881383359526,0.19504900774447329
0.9567992484218336,0.4447748828243065
0.7366588392726872,0.5731218114043819
-1.010411547555466,0.04925433727887951
-0.017816625304208442,0.9784152152627769
0.9770345694904378,0.08882716531513628
0.6430027745890533,-0.3741634672262317
0.5453732209896791,-0.4181843157956856
0.8035513251634827,0.6606318421872124
0.017783513919015392,0.3734016614547442
0.96452668252699,0.14538626297000026
-0.9434257620024822,0.2937413354315271
-0.00968432010854562,0.2395409590441684
0.016692976806877632,0.22054450232414374
1.923306541466196,0.3496135172424897
1.8706752487326168,-0.14077224594779242
1.754042649202821,-0.051695547648342284
0.6454370746180327,0.8168432570285568
0.99976920259409,-0.5224530341436674
0.8657652121928558,0.4535778356090831
1.0593523715127142,-0.4900324455683244
1.0772823205611637,-0.573336063776167
-1.0548358226999537,0.002440956522059261
1.8294912878898792,0.10272016532903652
0.26746846643683986,1.0048530088201697
0.11954147758852787,0.12674107102371676
0.01490182227731081,0.1938761647875024
-0.2602029559550909,1.0249087490873818
0.024702961769209685,0.13980828792444847
1.0515370176631311,-0.6151974767778227
0.11242024244361347,1.007541189094922
0.03980145527302398,0.18225012890582087
0.8384907350063009,0.4902715956786713
0.2557700573692979,-0.1807574252336056
0.42429063369220543,-0.2431958171746801
0.5447903994825556,-0.3655195973158617
0.9821813515888016,0.1106208696044498
-0.8976486518614257,0.5821568274821417
0.014427138333974219,0.3836711625228643
0.9823386589133004,-0.4895983197456349
0.8042137515189772,0.604699845180827
0.029581705731706494,0.437461379006442
0.05049378352952329,-0.035601431924997234
1.6123284458084517,-0.3075441086548544
1.4405239810603776,-0.4546018883649152
1.128340567207938,-0.4555046495628858
1.0078624216494019,0.19265143305168156
1.174212757367456,-0.5321062266832197
-0.053357743658538834,0.3633111433145825
1.9156149125905984,0.2888708289907649
0.40612493150693696,0.8754781771836367
-0.34885083362221503,0.8887675632813828
-0.6377729690465955,0.6805439736420525
1.2264060325414683,-0.4961761705401357
1.3753618298292722,-0.4268120853289304
0.8038361384262551,0.4077887429174726
1.4694297163384955,-0.37469282010873534
-0.4037825845403513,0.8985089514547734
0.2489126096650247,-0.16722108451358364
0.56234966126381,0.7925279184095878
1.4048672958197257,-0.391850165501194
-0.4304193550233519,0.9248398001741576
1.8488125422151964,-0.02895137387046655
-0.91993098204225,0.08863471391023339
0.552676352956506,-0.4354288834929865
-0.6427630093044951,0.7047019844184019
-0.8854395055592107,0.3731344721772009
1.8433171861428688,-0.1209433498680972
0.6841074675222109,0.6798305195106588
0.9706596318033118,-0.5285907185595008
2.0426379446476783,0.32468085079834763
1.5725623462366014,-0.2832952334634478
0.8858350183134993,-0.4746880155081781
-0.6225080242140248,0.7933480862402129
-0.9905018678546404,0.5108326527574726
0.1445371714078889,0.11969813891244292
-0.4392594701380506,0.9300975307814734
1.8997042050133064,0.10679956076916976
0.932668557601455,-0.5250684986830069
0.9094127866652049,-0.43256358897240976
0.5931318939781736,0.927312903871674
0.2848391009656126,0.8941543640978649
-1.0949324767554014,0.1675423623405471
1.9487610113695244,0.2594243627007754
-0.8876000421136231,0.5365665745637519
0.9707668349602794,0.17022910977389125
0.6221287778227219,-0.3800721203110416
0.8372425941073249,-0.5203791265364203
1.0079372032872418,0.23214324699802866
2.0105396874616543,0.38290758519052537
0.7109764951555788,-0.43069933045481423
-0.026233966519071644,0.5071332887942723
-0.15936362486846353,0.9466359651661116
1.4469371191375524,-0.36807326073861946
0.09055926309795598,0.1158599390508995
0.1997863612932689,1.0121204503244674
0.1581670086754968,-0.032670402798494064
0.217820777032988,-0.21066459958427272
2.013107324455428,0.5272101910388551
1.1034259929806416,0.0654336358581707
1.5791165355010832,-0.3310264982695112
0.4624891513250257,0.9990975248141828
1.2257644343116871,-0.44299734267383134
0.8466726185668992,-0.5085059802832013
0.9615558023129406,0.055535064372342534
0.946786493752076,0.36661005184852347
1.9579329604051103,-0.008361455065909159
1.7801294603256441,-0.1831627227449263
-0.21150968358572853,1.0189453140432203
-0.12147401716496725,0.9595829768087288
0.8569380640347979,0.3977088144672965
0.9796555930293868,0.2543556821785837
-0.7034380711191914,0.7129446271342007
-0.19731346061946475,0.997478690070621
-1.0044315352278257,0.4141438075312207
-0.8163613463480964,0.5771081680729871
1.3091258281391116,-0.5120993926894775
0.6960377595830192,0.7278304138021264
1.7850027689892585,-0.1116867706508326
0.004421665958099256,0.4122225019974793
2.051605956799962,0.30397652950629644
0.2085017185289071,-0.13123261067895928
-0.25909570064593185,1.0429194838725502
0.04002287346893742,0.2478503102042702
0.24012218188480186,-0.2337976354985641
-1.0519396583644454,0.18393048115834285
1.4776338520058725,-0.31970555053334104
-0.29021633046735684,0.9626830012349772
0.7072100868346797,0.6883060250088057
2.093000298786596,0.43286159020454906
0.2755353006646442,-0.08036667262123977
0.3776500554239151,-0.29985019900948784
1.7017062911331344,-0.06749961831826908
0.9669918861063184,0.10897945854575224
-0.9849757829427948,0.390273260296716
1.9950092088607772,0.3213999965460463
1.8691343345700144,-0.12300428122713793
-0.1322439069044407,1.0825507582582503
0.1803131554311404,-0.109508198752596
1.0374394089259154,0.4388028342311517
1.6959339208371094,-0.401349431559956
-0.40482671249635815,0.9272463565724548
0.33359694714447985,-0.29323333607047314
1.7288907414315495,-0.20854461304298733
1.843481668638352,0.17129143772015834
0.6973462029250689,0.6711937978016588
0.6436784126914953,-0.2433641781841696
-0.9390479145093896,0.6073417526249643
1.825704823175648,-0.10325973710066907
0.4888657584926436,0.8988242003168279
-0.4819990107896336,0.904082442416362
2.020038653434633,0.2159876258482384
1.8738663952388324,0.06795444228375858
0.8908460799936406,0.4876576984382509
0.2749175956450398,-0.2772691329811232
0.9073827460514244,0.1015022714706023
1.8596765684688144,-0.06574382605179671
0.97570834123298,0.4124924376931225
0.9419868623774144,-0.5158173741591954
-0.054770328706170525,0.3871183133317287
-0.9305010924054732,0.1924051791094202
-0.5865909144128284,0.7961384717029765
-1.0023630328033069,-0.02474218713301073
0.0920520104700742,0.19634509996325972
0.4593167191733487,-0.2959360093355001
0.6064075184207053,-0.4344569271255266
1.0221827421763725,-0.4809316705713007
0.43882845952066335,-0.4065410919163076
-0.3693819305768306,0.9885576217772818
0.068937394853358,0.4050797855454046
1.868193530839453,0.06207072156618883
0.6612624651851312,-0.4557792452755215
1.3749306781131632,-0.4822177728297846
1.9378487863959688,0.15395156221018685
0.480860370965197,0.9267496236190068
0.07508196877370997,0.4386055716261738
0.30988710138974634,1.0726456686171737
1.01771919527549,0.14322973702578148
1.5723472263123401,-0.3135884470032156
0.914175706696554,-0.5223677818132412
0.9651396948749044,0.19303688448154205
1.5596493374567748,-0.2800754078351502
0.3441624177250275,-0.35284686670553844
-0.0020621668087055928,0.06818933450578386
-0.9343744168742544,-0.0295895633173026
-0.5726782905708128,0.8092064956984143
0.8585099244130705,-0.5754530522673847
2.0217944701441546,0.17110100235417966
0.7743725567644788,-0.5356061558321262
1.978990657949568,0.4700772106931853
0.5484506849818829,-0.4053901446082684
0.2905450448325006,-0.17262488396872386
-0.8797158206824152,0.4117658281055581
0.65449248809911,-0.4500399326446627
1.1387872756971609,-0.5356212572817389
0.39890248587550253,-0.2736625857236608
0.5439089860333831,-0.2983174410784825
2.0379522897090907,0.2119284295221731
0.7633601759191428,-0.3784388983660422
1.7995224345802068,0.0025806945521730795
-0.745251821196679,0.6072815596809942
-0.11530354730081155,0.4165812773309194
1.1353335635414952,-0.5032102549480089
-0.19694047002542736,0.8696563738314453
1.9856062201160685,0.4359995628795741
0.6786646434574745,0.6126358979355334
-0.9534912733044436,0.036743521572292624
0.9078073081041016,0.3692162637898371
-0.1936511400515147,0.9284718813723104
1.2305760599421045,-0.4567766908333478
0.03652620206226475,0.5046276605329868
0.12253091062634712,0.16995597776555346
-0.6902343146050836,0.7477039332288318
1.013015686857203,-0.01987343690715558
-0.038582215213095496,0.3142196388897813
-0.0433535291679892,0.9321665233537964
0.3531444421107023,-0.3785399025599816
1.8492640016140816,0.061040123233612034
1.7080706969368988,-0.17270756242780558
0.1575764618187268,0.14200976805786492
0.9350560240312108,0.06935542716056793
1.8185942164659679,-0.04787433067953817
1.4552329181037789,-0.27409424883650424
1.3013451638195903,-0.4675433597182083
1.4674859951859922,-0.3069629586707944
0.7347554526799908,0.6774652940182164
0.9439842010718372,0.4511022075834448
1.9255605173564219,0.1907322526770493
1.745739372095589,-0.34017409071916915
0.9284125826859664,0.2651946117320749
0.4037221774665895,-0.2772995310112092
1.9526525492120923,0.2260884103791178
0.8645278843193381,-0.5246620670229644
1.9985964121806583,0.5373826235513127
-1.0076575133912675,0.1363449825352899
0.439656133838121,-0.1908608413671978
1.0521190761467898,0.22555713321598095
2.0697681434778423,0.46592608711959005
0.6527791781376344,-0.4611337638159209
1.9858571175909896,0.42967688550220745
0.7788115077638688,0.4925965322889601
0.6070876486474832,-0.4410493139095483
0.8535210143776943,-0.5604248145437305
0.1927130029832726,-0.059189720936637526
0.4322579352200557,-0.2923395203180095
1.9598487233127315,0.34819682467663554
1.3053225931058932,-0.3845121160160005
-0.6259108691453864,0.8632578285529422
0.1252252083030624,-0.041243000277155266
-0.8655635715645142,0.4524540978722709
0.6076030817502472,-0.42086538872652623
-0.13548081208612012,0.9752863666974068
0.06537491634099697,0.2116778417481533
0.4231620504664651,-0.3814016108434557
-0.07055466339592623,1.0181284014211225
1.3710475131639983,-0.506291203664547
-0.7197054330176434,0.6113068217531012
-0.19574840385967127,0.9471673284346321
1.7885229892708296,-0.2817989839548793
1.7687459183822178,-0.2265575177260884
-0.6243856515351027,0.8641141999273688
0.1323718334747287,0.11622823655381816
0.9675054412719191,-0.5102030052910003
2.011062164484373,0.29481379930044205
0.7361552034873059,0.4810874929310733
1.3797429460400268,-0.4017014521733206
0.5158044874037486,0.8372584797831295
0.13133816006223262,0.9935636453645598
1.4841068917624505,-0.3586538102537732
1.0776581693170455,-0.4366954937121911
1.1843481052477456,-0.3806400577587985
0.7957809675882761,-0.4499076388549527
-0.3832506146601592,0.8762791416160833
-0.643199488297821,0.6684045709663997
0.0824453800837078,1.061007373168796
0.9719587216771534,0.19488153057135715
-1.1082759407594858,0.07587058717920793
0.23521364232768102,0.9207292151348836
-0.6231946329378193,0.8121683505055409
1.2043920408222768,-0.4782792665933473
-0.7110222439847755,0.6905891897258238
0.9729785650112264,0.2456636519185127
-1.0026544727086224,0.07821429846128714
0.5011729738345203,0.8913594546111566
0.10144059740569064,-0.008160009110409665
0.13691422493266875,-0.021859032960571317
0.7930400134162415,0.7837083623803531
-0.6963032992742783,0.7984532610306554
0.943401617363114,0.2091667795698682
0.3848680397019727,-0.2680265588034607
1.9572585823201216,0.31834988598150066
0.07125914596724063,0.13638138859017754
1.85687902133518,-0.12796878518632127
-0.04722259919691775,0.9602636912637772
0.911762532308636,0.5820851314296316
0.4722082820655982,-0.4489479168912748
1.3885924096972893,-0.4700901249564584
1.593484567035706,-0.3183820713296511
1.9235915458776771,0.4222689942018158
0.9393855360028176,0.35912361960665845
-0.13701852180999685,1.0421711508076583
0.17805608304769915,-0.11441134900313335
1.9813862029223568,0.11988796031641535
0.06611248209586608,0.4537819811229591
1.996198657077064,0.4670736284607803
1.9767942188545955,0.37422849150259424
1.8267170208402763,-0.019537680302804932
-0.2787360981803102,1.011145904155258
0.3164600554804772,0.957557624192642
0.3270998040327577,1.0660154987272399
0.9645203155947276,-0.0062450233464073045
0.23735970800218495,-0.05386213307622609
0.9732092611754184,0.2991963107961513
0.3261321641055296,-0.23571356396216486
1.4300859434506616,-0.4641089657007821
-0.8488518007247712,0.3963220658395798
0.9912752014361425,0.30096396577137885
0.9935389573263878,0.19820568908815933
-0.9254025447161752,0.44810104691423097
-0.4277593936636955,0.8667828267990219
0.6251225320321674,0.8415508025576193
0.4773640184547444,0.8752208033364877
-0.10538119667161276,1.1133577854132788
-0.2857232093917976,1.00615176858665
0.5138367376902668,0.7676776501505453
1.9935225714690368,0.1098435199674452
-0.4678634133219893,0.8849438955352816
0.08079249065270762,0.9708164688287954
-0.5185354204797973,0.8914848634606715
1.7403925100690592,-0.10116016111674493
1.6312483960460549,-0.3802068450872257
0.2750500964296868,0.9721538538102392
0.2432563019028075,-0.206529681264644
0.13748300966515262,0.05285973857404881
0.8390555842514802,-0.4581975502648049
-0.21669310465652775,1.0112652908033024
0.4145561328589237,-0.3068856877032984
-0.9965342286750056,0.09956942461310446
-0.7838739568201926,0.6301971539857811
-0.7606968007489301,0.4419873567007996
1.06064471192342,0.3296312125837689
-0.972776789007684,0.13517924885269494
0.12981977380195886,-0.049994580841957945
0.8998487766599678,0.3772796780976679
1.0485004074688689,-0.5950130534927781
-0.9787637549627062,0.26086345734918004
-0.8156749819771392,0.6948644805393275
0.7253518250737032,0.8075865094129594
-0.8611731991298621,0.443615416800186
0.13924983974542698,-0.1311325109780386
0.19211226635826345,-0.021919712849454376
0.04594724373425799,0.4901922228643645
1.7773249505153508,-0.20780590735378468
0.6488737780279129,0.7498267069333362
0.9533988861073311,0.4481580936672888
0.014782249157782897,0.4208837878959674
1.8052854891498884,-0.1052000527462741
0.07202421934136506,0.36123724116647055
0.04675811296276393,0.9928520511744467
-0.9683816560201776,0.2665376293048324
0.8208503709710792,0.5791124625164773
-0.1110155342619154,0.9252478821919786
0.05120029142016008,0.9245707124445368
-0.015106142764965825,0.9844191502384702
0.09200630225248536,0.14417701669419414
-0.5559600032003273,0.8494899043940672
0.9061994448053616,-0.5206945478789573
0.1726522394458259,-0.06898279169618543
-0.9780530216185626,0.049900787508766635
1.7804579432093022,-0.1885723282240772
0.9459448002817152,0.4302749558466477
-1.0189968290579898,0.2889562115047095
-0.7232407982707324,0.6296616647469261
0.4570389480206293,0.9039980992154024
1.4315959412649382,-0.397712102640708
1.754775002639149,-0.2118485326683504
1.8245399342015096,0.007799818476645377
0.4089849662324101,-0.3137028684337841
0.16511823071833742,-0.06997670630437536
-0.18222833796598872,0.9386366897064582
0.13476625270230494,-0.036654640479242086
-0.7808588173959092,0.6742279974808861
0.9507008554502512,0.0989444185381184
1.1253051333225559,-0.5054194936781858
0.3448888315224814,-0.15218203482319145
-0.7176538678812778,0.6024275639914145
1.3435645981427022,-0.494474445170743
-0.11909496535970918,0.9983506199953572
0.6004751765513161,0.8395100408501688
0.42253275129997664,0.8978274643850878
0.5135090027222216,-0.3649107497317677
1.6546804909425443,-0.2159210223681946
0.8003142548349156,0.4249505118487247
0.5281489158521945,0.8725647469476852
0.9568012128326856,0.2573345603839656
1.3995309448755584,-0.3965434386662039
0.4853677493864443,0.7891916653864077
1.9920823706647957,0.2907533055925302
-0.858118476558254,0.6215240490665872
0.9091170068274111,0.4342426215579108
-0.6643451463959792,0.6635773204655082
0.5321899807396401,0.902134945632065
0.09659339254267298,0.5855980910123582
0.7847090077335783,-0.5177347148511124
0.875972426830322,0.5657858407913899
0.5803697740788012,0.8117549798508766
0.4231701314397721,-0.28195347893879824
0.3843597446607793,0.949898022143567
1.4008124569966014,-0.3851618223815691
0.213102678927894,0.9165534652413968
-0.7550653675470885,0.6404585864784645
-0.954863781617172,0.02094735986582459
1.2099532747491464,-0.4892351838877492
0.2751821625500797,-0.21541689848893586
0.6407135809534756,-0.39982862353877213
-0.9152395415229628,0.2479586614878321
0.026138693062819712,0.09369609054786987
-0.9109438693691484,0.31950905210618785
1.9779928479780065,0.1425177631377074
1.773643978362376,-0.12657598345289414
1.1990895279998726,-0.4056010613449012
0.2484477258839706,-0.2124284202811682
0.7930945950529729,-0.5105124822720489
-0.8603827929935991,0.3490331410528554
0.28776131146495176,-0.14672460706750112
-0.16287837742187136,1.0505477819493625
1.1214904569996813,-0.4367550146847014
0.13565416237152755,0.20526641765695894
-0.341960402156482,0.9653904686358784
0.960104697360058,-0.4803242590959372
-0.7296168210123151,0.7740761492586659
1.5765058149632094,-0.3123363268747118
0.9246450855647949,0.18333914528120346
-0.8258207738582934,0.5646416075013865
1.880857987351703,0.3109067894897398
-0.39097835295365996,0.9003091766393969
1.0146328785213707,0.2363057645403309
1.3300196695535895,-0.4975391966997876
-0.1999835599602775,0.8427302442213278
0.06883096186780799,0.9560104413456104
0.5682917414992257,-0.511578082792127
1.499814554538666,-0.3463409176199603
0.2771271600857827,0.9504321436747332
1.6477693218240972,-0.2014168589575437
-0.032264215918326594,0.3725448439886528
-0.7934074772111706,0.7820968973204275
0.34915127902069604,-0.3461332654747684
1.2163459626639899,-0.5053620174512067
1.9951090166542589,0.18452165858547745
-0.943746886765754,0.3027141753426764
0.7414949868050601,0.5755994182863735
-0.6459287752728962,0.8090713498913297
0.5118205723832658,0.7857070271145558
1.9706373476514143,0.08115448295497701
0.2119578012623178,1.0118599174118503
1.983051100796041,0.1697405027806882
0.3034415567805983,-0.2679210531708162
-0.5249485358846603,0.7572264090660935
1.942706745071652,0.22519578569213805
0.44254760492757295,-0.33919004790480145
0.1779998745839454,1.0318261421248045
2.002967761354566,0.4861943935390533
-0.0034937310691362422,0.2857585914625501
-0.4865212924736663,0.8464592338397878
-0.8917144110861202,0.25641697435476235
1.0914352430231855,-0.5167440943401123
-0.5223895861551098,0.7953399559818729
1.5408802496854532,-0.4446694255320961
-0.5615544356619773,0.8963869937790946
0.8492355701410973,-0.4481672310624615
1.6995856162079843,-0.14095925236238974
1.5769432210661836,-0.34283040095338585
0.03983378702737293,0.24470896461840544
-0.5949752062142997,0.8427602725529632
-0.4540978464611242,0.990509350103465
1.8793358601781127,-0.06568318092200731
0.6686170413626031,0.7148014183365644
-0.4210321736976908,0.8459206688514906
0.6024430393310295,0.8463627157176336
1.6289761157969438,-0.3208992847596423
0.04046193615452365,0.16558167391712605
0.8441230879115559,0.5548262271459196
0.1577405316224328,0.9845031781334996
1.2407241307403891,-0.4883419263929583
-0.017717501025079192,0.3667439401276967
0.3577514566682335,0.8377907560658635
0.8693591818605316,0.7310209254792901
1.9701762185150684,0.44882987808128605
-0.8191420485044648,0.4625933483233942
1.332832516188507,-0.4522327710851554
1.2351525462525306,-0.4557213889237682
0.7886490180957901,-0.4879743494595053
0.4864080628325361,0.8741443816821424
0.0397425678910792,0.17270661463232734
-0.9090770146921452,0.4120934622436534
0.8292398169548956,0.6083809222401093
-0.05895741041298552,0.24301958714804545
-0.3801076400842631,0.9524749457172994
-1.0585428203015517,0.16040365642802698
1.9313531466184508,0.5055865049776697
0.21488278367892005,-0.06838326580091658
1.9869694791953665,0.3572164649307709
0.057529715525112775,0.31608925101968083
0.033816980761737184,0.3458580791424216
1.3289306600254016,-0.4371565822550251
0.26714258040516065,-0.23975582554709224
1.4316431399766116,-0.3605086911576012
-0.6712557392448575,0.6822648108170607
0.4816317394073493,-0.3627709307756408
-0.7881270851208496,0.5487831995962782
-0.9286986246249044,0.41860327632102096
1.0851106762793412,-0.4968154898397609
0.7900930081717082,-0.5054838349796609
-0.2386060706513525,1.0564427077133052
0.09471417505226663,0.992163377864252
0.8483770262105162,0.813799061208847
0.2545265740558063,1.0726654914003542
1.342319922427556,-0.40308322518796347
0.2975316092851112,-0.3467868038264311
1.8336313395808688,0.028162282067155483
0.4077552854420223,-0.4226762138310449
1.001274097298662,0.3578717614035754
-0.8221254841487126,0.5643282237641248
0.3702413089401887,-0.3701464319176335
1.7007232954573284,-0.2614724707168353
0.9234307759243844,-0.5687245149155029
0.6284537467406753,-0.3901224458736856
-0.5419335292552697,0.7940452592764473
0.0752982051175084,0.5687502052877064
0.2695204835452709,-0.2532546577828833
-0.21115855994848706,0.9719329413095646
0.12840184539132468,0.17850544087218234
-0.5203317708290056,0.939263688873692
-0.810517571485399,0.6220213655151315
0.13532424888985886,-0.016643184251466568
0.1817756671616078,0.9424612264400511
-0.1803168675064333,0.9259317725940954
0.7388525997065852,0.6885956761998646
0.6159870515611223,0.6690502719316704
0.542106778468123,0.8182668084156793
-1.0668804323262322,-0.017589461799842637
1.9952256124232104,0.3089786391614505
1.8269705008515835,-0.003103096138552107
0.13530010927969865,-0.05293493801958151
1.3798364556414742,-0.4651291895977345
-0.2783754397885331,1.0486987556294551
1.1188868679916533,-0.4341603587013201
2.030698167948577,0.4583712668107624
1.0276946438324503,0.005907432330833823
0.2135685619377337,0.010282750348568015
0.9123046218992972,0.5798483172734074
0.9047496541904978,0.2627564738690613
0.6991765760590947,0.5460704342923514
0.917193508158738,0.5122267959747845
1.050171747011274,0.05676507267821354
1.9934378163167892,0.4285032049629908
0.3041514151139047,-0.208399685786986
-0.7199239615424177,0.6116863766183519
0.18189655190794396,-0.04062948870717288
0.7349211515271158,0.6813992105393849
1.8986448103958649,0.07308531351019795
-0.08119798663895711,0.3369112948608593
-0.7021845522740026,0.7109378013038379
-0.2916897559455478,0.9153831103095482
0.1870712539821433,0.9858537767315522
0.3749070736302803,-0.3211619376398908
1.3704195995248962,-0.4162638497295003
0.047161838528705084,1.0156632583049428
1.8557337566075416,0.035706069964853426
2.004070638648215,0.3909300304055191
-0.5938796402102442,0.7465583418013622
1.1488822577908164,-0.5257310511627582
1.9899656378932309,0.17116730343327058
0.09050936810996914,0.9741355423136164
-0.993057655981044,0.22237121554330164
0.5971857433058428,0.7809780956742108
-0.8027548970226297,0.4434293664013863
-0.10775589334660883,0.9688003827251944
0.1639661400296546,0.9726765771203404
1.397267634286547,-0.3144722846989365
-0.9414767840074499,0.44759597043892696
1.0571711828727732,-0.45685892694659896
0.20730741924471696,-0.22051671589422409
0.7102298298713672,0.7330476393258974
1.7609089088543544,-0.02122870736464576
-0.6599259683493051,0.8183061215677058
1.0852886320850446,-0.4702749257237153
1.7251393163249171,-0.21093955173108184
-1.0110632605970606,0.3880571445092009
0.1364810380952101,0.01730793765904821
0.7715538163661749,-0.4806258981822448
1.6492035361937825,-0.15721999985444918
0.8486990847399338,0.5160962626736311
0.13003184107679475,0.4013585865040674
0.7861579970723317,0.6307412808764528
1.003409688922561,-0.4994422066006897
-0.5516593352193311,0.7907003663024449
0.14556594835758693,-0.014337525649425191
-0.6618817125182315,0.7726518580558631
-0.13315005245721126,0.9468370572244106
-0.03319721623141534,0.3439672804912431
1.0375664448682755,-0.44906052027451204
0.945733265909566,-0.5788928458329204
1.933063707343229,0.18393330898231608
0.8455515442235321,-0.4058663822411788
0.9287067760463209,-0.06978967080221722
0.5551430284123929,0.8931595029580954
0.3568224022971048,-0.19701265570607776
-0.8099912821874071,0.5674022600560958
0.4394017639052621,-0.3921177764364806
0.8313885689963602,0.3195705378211037
0.062429648172387275,1.0334535125236464
-1.0400026892658516,0.1267862991746894
-0.321540447162911,0.9686624024725662
0.9888404166247812,-0.464900048398489
2.0174998709644267,0.25946007537010984
-0.6355476283660806,0.7553241899546889
1.563388540641757,-0.331651551406774
0.9094919593180072,-0.4896120996074722
1.7964181539268675,-0.2506520124012746
0.9580740298130954,0.10070242285667294
0.8900817025884736,0.4743694500219598
0.7152595537624703,-0.4713427473083619
0.7382631917273844,0.6348131804687666
-0.03901686881076151,0.20818733178642468
1.8843814130846972,0.3838678368857111
0.8848899375445236,0.22830630894145204
0.5349170150975596,-0.4612372968132862
1.9619371466579736,0.2274300482020379
1.2816149072731997,-0.4817544110073904
0.9650183377992416,0.4820699689818683
1.331365440987151,-0.4737118781210092
1.8818040957518103,-0.011529659410858123
1.433912504257874,-0.3760116491410221
1.0134968374306708,0.077642587535117
1.2655467059465926,-0.5150362887223443
0.38286222553279703,0.9664547958403203
-0.9689379207072476,0.2716705422701532
0.17982918466055334,-0.08516825520369846
1.4850617194501965,-0.3867567627605546
0.8020434650486588,-0.5283935326014438
-0.973612260235584,0.3847945587072713
-0.6703725108961349,0.7003018862740413
0.2014491354133699,-0.04355036618432606
1.509934229325129,-0.3442053279906887
0.4023906873626273,0.9018757024927624
1.054053421109988,-0.4492006302279433
0.4519241814944226,-0.2783110404117961
-0.7262787355640742,0.7512008577610005
0.3767950442100713,-0.3347081323487329
-0.2668106736590958,1.031438684732516
0.6153544207956053,0.867310668001371
0.4161645670450263,-0.3692521722505874
1.597764084788607,-0.29517801585601805
1.97462193112682,0.12404145351900328
0.66125584207121,0.7695028424872333
0.29042264977340304,0.8669250409049784
0.39885969802156185,0.9960133732955548
1.0097281627760448,0.2468470282491155
-1.010508440269804,0.1387083763752029
-0.3514341500563683,0.9565738543472496
0.16927342674007875,-0.1229811335963836
2.0189299917830152,0.42538458212626057
0.34327190264537183,-0.3184982474481241
0.4814056120718147,-0.2878439237920032
-0.5161137480062141,0.8603983384473776
0.9401417689533657,0.23956617007027106
0.9510793394099514,0.4286894217997642
-0.05851304802549041,0.8914404837664008
0.7368938078194923,-0.4964219245069103
1.6557198514839817,-0.10638857501745264
1.86977189803851,0.058025003711830524
-1.0272783778882355,0.2182598702526776
-1.0472856654392584,-0.00483236695741416
0.6134477489352771,-0.4290627665983378
1.4533925015600608,-0.44966880669954506
-0.00467073571873279,0.5014188139929953
2.07478671930029,0.4669614896554711
1.461214006311085,-0.3624547706229416
1.9162117164957044,0.3673075062232644
1.1840065770529515,-0.43936280946523343
-0.4886713930128374,0.9127945551233484
1.8615060123314864,-0.0940166578713982
0.9771203777977346,0.14768884295342055
-0.8048325093840174,0.6165014949342603
-0.9132783917081166,0.2607800451609079
-0.9285684313124236,0.3761933426091052
1.7420825819492691,-0.1898667663775508
0.6698490650843296,-0.4173316849444239
-0.007588734491334778,1.0259896665588284
1.3244278627425348,-0.4594002881417281
1.981037262206416,0.15116883451556698
-0.9540250765424094,0.3167064282459964
0.20375701633513146,0.945151793706302
1.5488019559588049,-0.38247309216535175
-0.9382460108385148,0.6188687713644645
0.8861336608554201,0.4220332499141376
0.726101146794324,-0.3862657188913856
-0.27012722779386344,0.9853205501187138
0.10442217285444096,-0.13345231311754666
1.9361397198349397,0.03991520792354679
0.22478135092765772,-0.12427696138814626
0.13292006727397565,0.12124431823332095
0.6596390715395097,0.7156097893730877
0.11369406333606435,0.25150950134327194
0.8210681453938723,0.6404896684786161
0.04430480276428987,0.22817473773894115
1.6389614304447528,-0.2838781914960936
-0.8144584884427788,0.6925661533853038
-0.5732724357853775,0.8610186297813582
-1.0978587617399886,0.20831163601567293
0.3583817926732456,-0.3330008901409959
0.2304439908934683,-0.19748860872207008
1.2480634058900204,-0.43539162746652826
-0.5450267204374543,0.8367181407920716
1.9825055524186608,0.18164144871435245
0.8298813192392659,-0.4486084545905989
0.8626886897866036,0.486120150738839
-0.7094004649337935,0.638725011368168
-1.030416496034516,0.08713020336383343
0.7611860133638242,0.7031812993601569
-0.9756950840316476,0.569207297489406
0.9911632539839914,0.23311195240194266
0.08494841529006758,0.09836805811978366
-0.6598485049044834,0.7925168837305174
0.4056011533819807,-0.3528365324346758
-0.4333186707402587,0.9191187294509534
1.9515740781979782,0.1632451825673007
1.0483817829358828,-0.5024835267293775
0.036602498661301205,0.03565687351697014
1.8557561352032221,-0.04657341064797345
0.9183029219261593,0.2905472313181413
0.9170750871136599,0.3864664313814025
1.8731883568814884,0.059155569241554136
0.7331214088795709,0.5954337352345752
0.6362296246325565,-0.3138580571842619
-0.5300676768158019,0.8201342687208801
-0.02040010809304791,1.0668365205965769
-0.06533658970333732,1.0665759076317518
0.11994932731210367,1.0075437543296453
0.5139508420199168,0.6689819880033773
0.13201259862502554,0.9507035893027462
1.1227830278867972,-0.4626143704456077
1.4551742122412976,-0.43034445159175627
0.051310048164811946,0.9969319508866448
2.0235818046569483,0.13634202753676386
0.9909684114091772,-0.4974592885460682
-0.21221491969548129,1.0512544768745626
0.47955992326834795,-0.3189411505531731
1.8577196298431773,-0.0691784662546629
0.7815187812005868,0.4511879190776106
0.9503278087936216,-0.4952862099290896
0.7488774695633527,0.7226246341701705
1.9087182506348248,0.1157311827854626
-0.7034448654994451,0.7863604961388214
-0.9935765056956511,0.26783772297174946
0.9579299622741118,0.2850679021157289
0.8250606554460338,-0.3852325335363376
-0.226800670180737,0.8651421147137011
0.3243404901237599,-0.21071280557031868
1.2341626798576768,-0.4403943468394335
1.9339830407543872,0.1515037550734399
0.7573665332245612,-0.3495449184036525
1.0524566449228985,-0.016826619507498364
-0.2723516452308364,0.9508394177089
0.4868452994357855,0.8533552981691784
2.0070125289464764,0.08945136544525947
0.40721905986687534,1.0267871433591953
1.0512807180578536,0.021769502478431225
1.8849782172014615,0.045496756085722456
0.0542026213345792,-0.06448857646097796
0.2300256928316418,-0.17843115776726176
0.14525312902319046,0.012663529324379115
0.01230089678136851,0.3871791622608672
1.9332702803904545,-0.010589568743055387
0.06965950512107834,0.945317862289258
0.5980115626833711,0.8361338740746365
-0.03219996012819158,0.9826789777701509
-0.8913358880039896,0.5711905010883186
-1.0400298027526802,0.12454408767039685
0.8999259345731426,0.29949905389846065
1.706865084018429,-0.21276678383066705
0.19778772569835268,-0.022089554936797432
0.5014097165096161,-0.3488021969720868
-0.7728475761942677,0.6944854773712658
0.8567318928507829,-0.4356526492813536
1.9205927636677829,0.17638168043259309
0.43668679741562455,0.9538219849455112
-0.9256904437991312,0.3349484802031144
-0.640461831328095,0.7420050776810015
0.20065421257007568,1.04162160501962
0.4580010841372111,-0.4262732532677346
-0.0309308214684929,0.5073289674019444
0.3783490811109769,0.9883360710577708
-0.8381860015721376,0.6817073871335309
-0.9061704369029016,0.08474590311792822
0.6285070065285185,0.8959186557133554
-0.5061614340935174,0.8542445076654112
0.5813869433267196,0.8420577205665024
-0.02470461053588052,0.2832403088388113
-1.0142387504661712,0.19585124023426145
0.042579044934300286,0.2924260476210969
0.06442246585334946,0.1892905993242536
0.14647010803311078,0.12290844345083032
0.9501460009746324,0.36084186489414977
-0.012488128532125579,0.3304688081454293
1.1934556284600144,-0.5661651005837398
0.19702339574515845,-0.12201901373473753
1.042224668571028,-0.4277425539394944
0.11401179174185057,-0.01075391663841352
-0.989788202383524,0.3340950767079044
0.25670890383680833,1.0012122789051978
2.057214110863009,0.23352788819129505
-0.6561141544692157,0.7983165147021021
-0.7397615772670597,0.7123993328812211
0.44713330533595613,0.937486629579394
-0.8385156591883445,0.5585832311429443
-0.18794459276669767,0.8848203739172223
0.8289221421131463,0.5744407413466476
0.7514693112358297,0.7459924211769292
-0.7548680474510956,0.5713320809285948
0.8665162002919695,-0.500334265184335
0.7913297983500891,0.4779454787145612
1.6304041370079525,-0.2137851055209716
0.8815149291505792,0.10141838909537396
0.7473498834208919,0.6407185838781239
-0.461473635781324,0.796809702383082
0.458101959792711,-0.3475085124302499
0.28032242739227137,0.9737167913508076
-0.9917540092817076,-0.05416807617101721
1.1687954605040465,-0.4966640048911841
-0.1856973079487108,0.9811257313845758
0.09142480857035848,-0.02961567703557398
-1.0027060266730317,0.18851615431770585
0.6042347123386833,0.8361162956193937
0.6626602770546786,0.6400974795135213
0.8729002616508659,0.4525231013029304
-0.3641194780213433,0.9869807505704749
0.06967019704788857,0.9886586487034944
0.03811070609351927,0.3623217265114534
0.09114195266040466,0.2718835044651665
1.2122146967217657,-0.37030887759313336
-0.7419389541303113,0.8046382015791398
0.7597870806620283,-0.43018927137507496
0.40919090540090064,-0.3102514895238451
-0.5020367209961822,0.8995049429416506
1.6448890779658978,-0.326532741092226
1.091464131583058,0.046707980430763706
-0.9697313528107394,0.18522025085898985
-0.9803906369270168,0.4003812444988068
-0.09035292939588292,0.9995776987712162
1.4425443406944305,-0.3572013009054613
0.9157115473765358,-0.5199993812440183
1.8415498959272976,0.04481242069885756
0.1857528987026564,1.1240530858709834
1.8162957350194189,0.03349754397825445
0.7240834234472618,0.5378699478919237
-1.0268113296353334,0.10563111889581443
1.7077820597080509,-0.24998963250937706
0.6103173495977863,-0.317498215818399
0.885827991926548,0.4934520373615683
0.9104158046685032,0.3184788229382264
1.6653489170159057,-0.2692476094451837
0.8217509998931918,-0.4218584421056596
0.3446332504570849,0.9712791982424972
-0.4882882958020442,0.868066764806672
0.34299842353661514,0.9739004085997052
0.6421319011550942,-0.41087757981861067
0.914177461882074,-0.502678363138876
0.12347350564835467,-0.14747809937915335
-0.2654525969047063,0.9521844563990276
0.5589654843914695,-0.38834768807610376
0.2753797713337063,-0.2236105027369236
1.5706531288534935,-0.17803669029317695
0.7229900033698222,-0.4311941230614874
0.4991677973229402,0.8984849623853051
1.740819248257441,-0.0574010148684696
-0.6723830403059329,0.7088229193935565
-0.6259923476451826,0.8861943877837819
0.6195196562942922,0.8081543208274442
1.967192955024612,0.41960093902949536
0.9335724717643332,-0.5794659613099806
-0.005783724709834501,0.9333817361304778
-0.7873416598738462,0.6989090480707892
1.614838501715281,-0.3374301941894062
-0.66994208081256,0.7374835899590466
1.113769209360909,-0.5206447046707439
1.7279777953457522,-0.13917650992003042
0.8230497297571675,-0.4895897444312282
0.031144350646454225,0.3243548886647486
-0.09218365006090233,0.4300571994848455
-0.4942537855480638,0.8604717215126897
0.025786890086987518,0.3027804666865652
0.9826939197254224,0.4727404739793424
0.04642096354905657,1.041742128906357
1.87284329457189,-0.013278830809490952
0.010976967861979731,0.4143832507332516
0.1686114560805318,-0.05841625866353649
-0.962614439724547,0.3084250284488349
-0.9131791651073063,0.5209270092760316
0.3981222681602632,0.9267600468320948
-0.8148568486351411,0.2323444325692308
-0.9711804329864548,0.14648237311751072
0.11062181477560012,0.9186365123979892
0.7925416358021519,-0.4807622091234149
0.1582169353268512,0.9153969402474746
-0.8748479472218502,0.28886853881371605
-0.6419132462101618,0.7920223418173202
0.2999033017492676,-0.2289708923452037
0.6720765211214035,0.7339063763517857
2.0234021232305777,0.3734943041912713
0.16416268763018674,0.10753915826549636
-0.4084355217997288,0.9784233576666116
0.7608210023399776,0.6428465524076732
0.3624640778955964,-0.3703170551805
0.9449623270331288,0.13537052205162747
-0.27806357456180425,1.0053797210801654
0.01907585307098032,0.9400548609196316
-0.3682467020933864,0.9502424720376992
-0.555930083254673,0.7447369835232631
-0.4678091097203848,0.8397407192054777
1.063296257902733,0.25765891718553985
-1.0573477456357367,0.05251782293087846
0.2383533726992,0.9591373515354684
0.1070605597736044,0.9775691900602329
1.4627306512947198,-0.4320088570541586
0.7730322836864023,0.7221594250628044
-0.986251915349658,0.3226306872783614
1.7690501504667575,-0.05959482759492801
2.0102408839182835,0.294148958184857
-1.0176984227684276,0.2210440333807967
0.05498734331173193,1.0003994395920195
1.7107927481236251,-0.24043857536049698
-0.02095346254185981,0.9882064281548782
0.07332009192706512,0.3048626039892236
-0.9448697425769504,0.3951285857451421
1.6430799239443727,-0.32428276438662085
1.150728975200534,-0.506272373515319
1.890517725798466,0.13732745643575772
0.0951322465589282,1.020058893724452
-0.4875787377683362,0.8015939111603281
1.4407163429725744,-0.3690712106751897
1.9927542540501637,0.15079579779422236
0.8544440128470002,0.4521049643863158
0.8526271784501221,0.5637974435786595
1.364093111540505,-0.4335342410808448
1.257850356022103,-0.4552661622952869
2.006793969550336,0.1850488964620668
-0.7111009234549044,0.7338525164651336
-0.8061325441225603,0.5599614474540524
-0.5647840958557896,0.7672630858914821
-0.5066907630874882,0.8551160467755199
-0.18098409782528108,1.0508288010348283
1.6110677789784955,-0.28643658805580274
-1.0311952420071588,0.05952883941883829
0.1938091225047752,0.02720657530772017
-0.682916927697085,0.6736922608829224
0.2258689797061756,-0.09335166954778157
0.7774574813276015,0.65006948065781
0.3472388959069422,-0.10338915618746122
0.0345786494191993,0.024863599588093158
1.4747351839567957,-0.308386822366422
0.9871507083263782,-0.010804110641064887
0.3296322559781749,1.0700627422332774
1.9034445060973424,0.11504510044319555
0.3752510842545953,-0.3269313544400687
-0.0851551050103788,1.0165289119502292
1.9962302306733264,0.3361089372003373
0.8328974793807737,0.3802278887664994
0.8811799331262447,0.470132229294546
-0.9340484334123206,0.4623072722531799
1.5907683262819627,-0.2310611188583472
-0.07392188556698505,0.974121970954286
0.3062187025529595,-0.18865059017602215
0.4779676365725629,0.8543479330204095
0.5406329052882759,-0.4349119636229071
1.9923528274429372,0.30772585613096043
-0.7500157836129479,0.7124150211673725
1.9346800735580083,0.40050739476680974
1.5566551872680658,-0.3789068687562023
0.3929685162593162,0.8868635918033342
0.5491060935730758,-0.4044507176823432
1.712791338339547,-0.19509637067936386
0.4592770422649336,-0.31483953082576105
1.5881268071700472,-0.3856053739798461
-0.004599308709774603,0.3700876312753859
0.04651480295499797,-0.029063838480391006
-1.0029966079564838,0.18585233568662046
-0.08544212217969133,0.9580866736799588
1.880020813469326,0.028461420396890837
0.40669083099584,-0.2642308638968589
-0.2425684884384603,0.9385579293762132
1.0005374503707023,-0.5318941108132033
-1.013757619321785,0.03788741464602108
1.0307381454601017,0.17711613572020846
1.649655768400531,-0.30329137424573976
0.8708745973395943,0.6166068517561908
-0.278453463342002,0.9662723098230224
0.9663987391357468,0.14240377024816636
0.2413237269453491,0.9336043969604272
-0.7121685014489887,0.6844064486011049
0.21190690427373665,-0.06888079236725554
-0.7151568131513292,0.6151787525115762
-0.01795022016495904,1.052223551585871
0.6391655634747897,0.7904291289682249
0.10246676587785968,0.18303044477357294
0.27221636768326946,0.9829068991899599
0.4905556911514316,0.8427316566676912
-0.03246931896652945,0.9962214163973829
0.9503859368576404,0.1692492855281231
0.1493277980379265,0.06763358853888443
-0.5209455408971279,0.8042160177783478
0.9180794979389062,0.4692574618251126
-0.313876999783372,1.0085499370177051
0.3182256553116907,0.9833025405191538
-0.8283986908931121,0.3690041544707878
0.9818608415067924,0.15157775760234407
1.2218904981563352,-0.5307693701706377
1.1384692664948988,-0.5209918263736747
1.8363716971149997,0.12614930544295638
-0.4362625205038408,0.7939199890219533
1.6969436892087302,-0.04380239150118237
1.8132729336248168,-0.13181202208279286
0.0429010245009087,0.08592382760221882
0.611738720917729,-0.31540157184499745
0.7091996746373452,0.7474586970350784
-0.6583467810236691,0.8300296862072386
-0.935346507981852,0.0829814009318471
-1.0456256174790488,0.10883147494810118
1.9569253438719647,0.1184474405628832
0.5801789983701459,-0.5051531079141576
-0.37030455020887904,0.9374307175796424
0.98344497792908,0.28557233400554194
1.0912959761964902,-0.5540358599557169
0.07578537895611825,1.0146641157033138
-0.9798614546576352,0.1618919070939001
1.523592140428096,-0.2940732381525303
0.942019060253572,0.15760588907728634
0.8123966383653854,0.6704145497046481
0.07414867634634772,0.06826724286670212
1.7574262560551446,-0.17028292502335926
1.8054173078195543,-0.01528367093551383
1.3765969582962725,-0.501514620572473
1.9367809453174496,0.36929880818840616
1.436441256664181,-0.3124651236883164
-0.2699079552775017,0.9605663101849228
0.919203973699478,0.4917061319991944
1.8011783494206697,-0.08856044834289775
0.06919266311710616,0.2833346892203785
-0.8250955780730038,0.5059659937320434
-0.9960516391097052,0.1016869951684361
1.953846488225525,0.5201620445505057
0.2441181559736804,-0.07313516719504108
0.12143188720500205,-0.05443776721792802
1.0439973744208901,-0.4869705812355179
0.08778467086492718,0.3369825141234403
1.8173779444792928,0.016372214018889324
0.06732329407361777,0.93264216429534
1.4951586860206676,-0.35533469512798915
1.0006290212436024,0.2568063974379385
-0.050768026497026456,0.91586624847494
0.22510773442742554,-0.2698040942007992
-0.7029994917484739,0.8076436038864655
1.0610593270346906,0.3335530101470809
1.966999748776044,0.20886932866776414
-0.9381831817880856,0.4283033993093581
1.7143801209536562,-0.13798326169460726
1.8878602706661405,-0.004557380165234325
-0.8396765760777654,0.5664814800390466
1.0085151496774394,-0.499435725181453
1.280438402210584,-0.3863957405572831
-0.9252575343309954,0.4254156932034248
0.8428735709809299,-0.4762619179576401
1.5597419804078163,-0.33057921613869684
1.9639235506063557,0.2881416083781533
1.8847795294938936,0.5405973478044039
-0.8837224947501062,0.21954712803588528
-0.8676879382540317,0.38987717792162796
-0.1346748602510082,0.9542115419786178
0.025311509495800688,0.07120415169744795
1.6072991309224018,-0.22055220109785847
1.9964166880230303,0.2996075970435706
0.924676744521542,0.11711887222934375
0.6779627130765953,0.6725441296717463
0.8202405968646393,0.5748478518493175
0.2069000495920605,-0.15777396685049505
1.3501643219689765,-0.4171760355036284
-0.19174444163822105,0.9220279077844966
0.16111183393633635,1.0460514545572692
-0.92127749272841,0.5684423579263578
0.9620477032180322,0.3011433258533289
0.061658347725763125,0.41973527441327796
1.8157293666175958,-0.12125041652954255
0.3415818033665865,-0.2711305941621039
-0.4734185836825486,0.8210759946741909
1.0522605859752303,-0.4950582885976122
0.6842565969336737,0.66037618869599
-0.9141140600541576,0.35803534023284783
0.8575693946379473,-0.4632001762970333
0.8537761977071823,0.42719276950300944
